filename,label
audio_128.wav,3.2283324874496353
audio_156.wav,3.6988995635826285
audio_19.wav,4.636313531408038
audio_108.wav,2.0885877775842023
audio_206.wav,1.8898277787059423
audio_161.wav,2.645759951696523
audio_215.wav,2.770036415355068
audio_213.wav,2.1431148203448176
audio_11.wav,3.685501797421442
audio_155.wav,3.2083306498857125
audio_39.wav,2.9306188302580303
audio_168.wav,3.0127415078760587
audio_133.wav,2.3619799686449428
audio_28.wav,2.7680071497426404
audio_40.wav,3.1309858531657087
audio_181.wav,2.288962055774102
audio_201.wav,2.968006567488247
audio_182.wav,3.3822962967595385
audio_126.wav,2.439747127786573
audio_10.wav,2.493606869907815
audio_134.wav,2.648446733587104
audio_69.wav,4.9932087569709775
audio_112.wav,3.801549324009284
audio_180.wav,2.290544688869344
audio_177.wav,2.9494353860162694
audio_77.wav,5.0
audio_111.wav,3.2392958271600523
audio_18.wav,3.8106314887078625
audio_175.wav,4.451669341106491
audio_33.wav,3.2150224147820463
audio_15.wav,2.9930916625806265
audio_4.wav,3.587864326447343
audio_27.wav,2.898186063747877
audio_96.wav,3.3156235173591826
audio_116.wav,2.578762346667135
audio_1.wav,2.7001761404915183
audio_22.wav,3.889865862565359
audio_114.wav,2.5909621907604543
audio_146.wav,2.985752675155719
audio_46.wav,5.0
audio_144.wav,3.1495497725868793
audio_75.wav,4.898230063235454
audio_200.wav,2.744239701238125
audio_196.wav,2.004515850928375
audio_190.wav,3.5334274954680644
audio_158.wav,2.8852799580728035
audio_17.wav,1.9454611645647253
audio_105.wav,4.4528527604382315
audio_141.wav,3.919301471162031
audio_129.wav,3.7644274120715773
audio_6.wav,3.4460909086305462
audio_70.wav,5.0
audio_35.wav,3.4754264998707645
audio_203.wav,3.7566522423502064
audio_90.wav,3.9750335173554996
audio_16.wav,3.552170481220048
audio_138.wav,3.6073345820749734
audio_100.wav,3.2999407152171716
audio_115.wav,2.463209084748336
audio_118.wav,4.151668338942516
audio_137.wav,3.5200224578694117
audio_101.wav,3.144795733986077
audio_193.wav,2.2467535393345455
audio_102.wav,3.9429909046405296
audio_52.wav,2.9064456279512796
audio_172.wav,2.7375067880851582
audio_191.wav,3.490037812349297
audio_194.wav,2.6742100108132836
audio_67.wav,3.416480641645082
audio_160.wav,2.833636821247232
audio_179.wav,2.0296374643089323
audio_55.wav,2.949418025682228
audio_145.wav,3.36640980158478
audio_197.wav,3.196921660554313
audio_139.wav,3.4222036107514975
audio_91.wav,3.681560563674922
audio_8.wav,2.1010944710495516
audio_136.wav,3.7049566770634885
audio_199.wav,2.534551745718953
audio_110.wav,3.6389337154421217
audio_208.wav,3.0105991658092672
audio_152.wav,4.682503100901055
audio_94.wav,3.126904626970128
audio_174.wav,3.5357165288811845
audio_23.wav,4.032529301405812
audio_56.wav,2.6242719754299655
audio_97.wav,2.715743665956737
audio_148.wav,3.910301209449612
audio_59.wav,2.9694980516915566
audio_5.wav,2.3037903322058058
audio_119.wav,4.270809391787313
audio_80.wav,2.9313671386648474
audio_58.wav,2.486609373455098
audio_123.wav,3.348056666879565
audio_188.wav,2.914613285174525
audio_121.wav,2.779128774622648
audio_107.wav,1.734627778512011
audio_214.wav,3.345079928809673
audio_73.wav,5.0
audio_169.wav,3.1868543004806833
audio_7.wav,3.17235991218578
audio_42.wav,3.12054840763984
audio_88.wav,4.549817189540288
audio_64.wav,2.084300968242391
audio_195.wav,2.416816925598885
audio_57.wav,2.2803508145295486
audio_13.wav,2.8126106509862954
audio_125.wav,3.7366742011597864
audio_209.wav,2.746635160491919
audio_211.wav,2.8988156086409935
audio_63.wav,2.6736609699791214
audio_86.wav,4.795405651151148
audio_78.wav,5.0
audio_38.wav,2.979490098833191
audio_186.wav,2.353049265097663
audio_154.wav,3.5237259047887837
audio_21.wav,2.171392323316223
audio_120.wav,2.7422252941607836
audio_183.wav,2.9772389671992747
audio_25.wav,3.2480116185313417
audio_122.wav,2.2606840348117765
audio_36.wav,3.83124692284221
audio_76.wav,5.0
audio_163.wav,1.9781133949654088
audio_83.wav,4.62003667080598
audio_103.wav,2.2257029005717803
audio_93.wav,3.8330992708482468
audio_26.wav,3.4004855225779322
audio_72.wav,5.0
audio_210.wav,2.4886313343077817
audio_104.wav,1.615093778163447
audio_81.wav,3.1584812679310392
audio_166.wav,2.9167005083957
audio_202.wav,2.7237487988109264
audio_185.wav,2.855210433194507
audio_9.wav,1.794006674294379
audio_207.wav,2.2879782820232624
audio_127.wav,3.0601089073985905
audio_12.wav,2.835865657707771
audio_132.wav,2.795771661365842
audio_109.wav,2.0396856445410307
audio_32.wav,3.3158218104647963
audio_178.wav,3.6144987560537967
audio_61.wav,2.5909531643886616
audio_34.wav,3.3971254429774
audio_106.wav,2.2938377562772825
audio_49.wav,4.911079266481542
audio_149.wav,3.4645825089586126
audio_30.wav,3.96616668977635
audio_131.wav,2.953603743554466
audio_162.wav,1.9198335003555282
audio_204.wav,3.3472454936420704
audio_198.wav,3.356824394396485
audio_135.wav,3.7135577898739056
audio_187.wav,2.9071260389999076
audio_3.wav,2.905774859862771
audio_98.wav,3.8845655164509454
audio_159.wav,3.1001576543449243
audio_167.wav,2.1545605380029103
audio_205.wav,2.458332095189353
audio_95.wav,3.5735578382225404
audio_68.wav,5.0
audio_31.wav,4.101181235445192
audio_157.wav,2.652619140498506
audio_89.wav,4.241067801542767
audio_82.wav,4.780405789318816
audio_53.wav,2.897787581826797
audio_37.wav,4.390513776838363
audio_113.wav,2.299491965199163
audio_85.wav,4.894772430641561
audio_173.wav,4.165082105498744
audio_41.wav,4.548533947152363
audio_51.wav,2.6133645635338296
audio_143.wav,3.5750564132947833
audio_92.wav,4.355383179138178
audio_74.wav,5.0
audio_0.wav,3.5585298139565733
audio_147.wav,3.4506849998541433
audio_130.wav,2.2430530723365094
audio_192.wav,2.970273806465333
audio_43.wav,5.0
audio_65.wav,2.2374488816495472
audio_14.wav,3.890060155594022
audio_117.wav,3.6323263189298745
audio_212.wav,2.226325971435226
audio_79.wav,3.2926746833701834
audio_171.wav,2.9393654470881065
audio_60.wav,2.5524641282934097
audio_153.wav,3.626554733703078
audio_176.wav,3.0253905739827864
audio_2.wav,3.9273930645098956
audio_50.wav,5.0
audio_29.wav,3.6747015508686522
audio_142.wav,4.110146855313869
audio_47.wav,3.6419888725724863
audio_84.wav,4.59047074118272
audio_164.wav,2.435577977111887
audio_48.wav,4.752418228853065
audio_189.wav,2.550657733157758
audio_151.wav,3.3618903874145207
audio_66.wav,1.9463942127907474
audio_44.wav,3.4483568605384236
audio_150.wav,3.7504841072001227
audio_87.wav,4.651631786995459
audio_99.wav,3.5912744124236675
audio_62.wav,3.1136632022950232
audio_20.wav,2.427814426664132
audio_124.wav,2.8225940793670916
audio_54.wav,2.8532971398729754
audio_45.wav,5.0
audio_71.wav,4.954927490930746
audio_184.wav,2.583784403487792
audio_24.wav,2.3615908334324436
audio_140.wav,3.7642445167728438
audio_165.wav,2.8442731325150037
audio_170.wav,2.5521321538487065
